{"Model": "CNN", "MAE": 5.359952921616404, "RMSE": 7.372545714859594, "R\u00b2": 0.5836271575292811}