{"Model": "LSTM", "MAE": 5.743321997240971, "RMSE": 7.466154232004508, "R\u00b2": 0.572986740105361}