{"Model": "CNN_LSTM", "MAE": 3.545837332212826, "RMSE": 4.700808305718645, "R\u00b2": 0.8586381769546807}