{"Model": "TCN", "MAE": 5.8533851698825226, "RMSE": 7.57088539080096, "R\u00b2": 0.5609228964584337}