{"Model": "GRU", "MAE": 5.948656300494545, "RMSE": 7.752310822055858, "R\u00b2": 0.5396270467187336}